AXF.TO,CBD.TO,CBN.TO,CBQ.TO,CBR.TO,CHI.TO,CIE.TO,CJP.TO,CLO.TO,CLU.TO,CMW.TO,CRQ.TO,CWO.TO,EXM.TO,FDY.TO,FHY.TO,FXF.TO,GXF.TO,HAA.TO,HAX.TO,HBR.TO,HEW.TO,HJD.TO,HJU.TO,HMD.TO,HMF.TO,HMU.TO,HPD.TO,HPU.TO,HTD.TO,HVI.TO,HVU.TO,KXF.TO,LXF.TO,OXF.TO,PEU.TO,PFH.TO,PGL.TO,PXF.TO,PXU.TO,RHI.TO,RHP.TO,RHU.TO,RQC.TO,RQD.TO,RQE.TO,RQF.TO,RQG.TO,THB.TO,UHB.TO,XAL.TO,XCR.TO,XGC.TO,XGR.TO,XVX.TO,ZEL.TO,ZXB.TO
"VTI.TO"

"CLU-C.NE"

"QIF.NE"

"BKL.TO"

"DXM.TO"

"FHB.TO"

"HAJ.TO"

"HNY.TO"

"QGL.TO"

"RQH.TO"

"UXM.TO"

"UXM-B.TO"

"ZJN.TO"

"ZJO.TO"

"ACD-DB.TO"
"ADCO-WT.TO"
"ARE-DB-C.TO"
"AFN-DB-D.TO"
"AFN-DB-E.TO"
"AFN-DB-F.TO"
"AFN-DB-G.TO"
"AFN-DB-H.TO"
"AIM-PR-A.TO"
"AIM-PR-C.TO"
"AD-DB.TO"
"AH-DB.TO"
"AH-WT.TO"
"AH-WT-A.TO"
"AH-WT-B.TO"
"ALC-DB-A.TO"
"AQN-PR-A.TO"
"AQN-PR-D.TO"
"ALA-PR-A.TO"
"ALA-PR-B.TO"
"ALA-PR-E.TO"
"ALA-PR-G.TO"
"ALA-PR-H.TO"
"ALA-PR-K.TO"
"ALA-PR-U.TO"
"ALS-PR-A.TO"
"HOT-DB-U.TO"
"AR-DB-U.TO"
"ARIS-WT.TO"
"AX-PR-A.TO"
"AX-PR-E.TO"
"AX-PR-I.TO"
"ASND-WT.TO"
"AI-DB-B.TO"
"AI-DB-C.TO"
"AI-DB-D.TO"
"AI-DB-E.TO"
"ACB-WT-U.TO"
"ACB-WT-V.TO"
"BMO-PR-A.TO"
"BMO-PR-B.TO"
"BMO-PR-C.TO"
"BMO-PR-D.TO"
"BMO-PR-E.TO"
"BMO-PR-F.TO"
"BMO-PR-Q.TO"
"BMO-PR-S.TO"
"BMO-PR-T.TO"
"BMO-PR-W.TO"
"BMO-PR-Y.TO"
"BNS-PR-G.TO"
"BNS-PR-H.TO"
"BNS-PR-I.TO"
"BYL-DB.TO"
"BCE-PR-A.TO"
"BCE-PR-B.TO"
"BCE-PR-C.TO"
"BCE-PR-D.TO"
"BCE-PR-E.TO"
"BCE-PR-F.TO"
"BCE-PR-G.TO"
"BCE-PR-H.TO"
"BCE-PR-I.TO"
"BCE-PR-J.TO"
"BCE-PR-K.TO"
"BCE-PR-L.TO"
"BCE-PR-M.TO"
"BCE-PR-N.TO"
"BCE-PR-O.TO"
"BCE-PR-Q.TO"
"BCE-PR-R.TO"
"BCE-PR-S.TO"
"BCE-PR-T.TO"
"BCE-PR-Y.TO"
"BCE-PR-Z.TO"
"BNK-PR-A.TO"
"PRM-PR-A.TO"
"BIK-PR-A.TO"
"BIR-PR-A.TO"
"BIR-PR-C.TO"
"BDOP.TO"
"BDEQ.TO"
"BB-DB-U.TO"
"BLB-UN.TO"
"ZBBB.TO"
"ESGH.TO"
"ZJK-U.TO"
"ZLU-U.TO"
"ZIC-U.TO"
"ZINT.TO"
"ZUQ-F.TO"
"ZNQ-U.TO"
"ZMID-F.TO"
"ZSML-F.TO"
"ZPS-L.TO"
"ZTIP.TO"
"ZTIP-F.TO"
"ZTIP-U.TO"
"ZUS-U.TO"
"WOMN.TO"
"BBD-PR-B.TO"
"BBD-PR-C.TO"
"BBD-PR-D.TO"
"LCS-PR-A.TO"
"OSP-PR-A.TO"
"SBC-PR-A.TO"
"BAM-PF-A.TO"
"BAM-PF-B.TO"
"BAM-PF-C.TO"
"BAM-PF-D.TO"
"BAM-PF-E.TO"
"BAM-PF-F.TO"
"BAM-PF-G.TO"
"BAM-PF-H.TO"
"BAM-PF-I.TO"
"BAM-PF-J.TO"
"BAM-PR-B.TO"
"BAM-PR-C.TO"
"BAM-PR-E.TO"
"BAM-PR-G.TO"
"BAM-PR-K.TO"
"BAM-PR-M.TO"
"BAM-PR-N.TO"
"BAM-PR-R.TO"
"BAM-PR-S.TO"
"BAM-PR-T.TO"
"BAM-PR-X.TO"
"BAM-PR-Z.TO"
"BIP-PR-A.TO"
"BIP-PR-B.TO"
"BIP-PR-C.TO"
"BIP-PR-D.TO"
"BIP-PR-E.TO"
"BIP-PR-F.TO"
"BPO-PR-A.TO"
"BPO-PR-C.TO"
"BPO-PR-E.TO"
"BPO-PR-G.TO"
"BPO-PR-I.TO"
"BPO-PR-N.TO"
"BPO-PR-P.TO"
"BPO-PR-R.TO"
"BPO-PR-S.TO"
"BPO-PR-T.TO"
"BPO-PR-W.TO"
"BPO-PR-X.TO"
"BPO-PR-Y.TO"
"BPS-PR-A.TO"
"BPS-PR-B.TO"
"BPS-PR-C.TO"
"BPS-PR-U.TO"
"BEP-PR-E.TO"
"BEP-PR-G.TO"
"BEP-PR-I.TO"
"BEP-PR-K.TO"
"BEP-PR-M.TO"
"BEP-PR-O.TO"
"BRF-PR-A.TO"
"BRF-PR-B.TO"
"BRF-PR-C.TO"
"BRF-PR-E.TO"
"BRF-PR-F.TO"
"HOM-DB-U.TO"
"BTB-DB-G.TO"
"BTB-DB-H.TO"
"CF-PR-A.TO"
"CF-PR-C.TO"
"BK-PR-A.TO"
"CGI-PR-D.TO"
"CM-PR-O.TO"
"CM-PR-P.TO"
"CM-PR-Q.TO"
"CM-PR-R.TO"
"CM-PR-S.TO"
"CM-PR-T.TO"
"CM-PR-Y.TO"
"LFE-PR-B.TO"
"CU-PR-C.TO"
"CU-PR-D.TO"
"CU-PR-E.TO"
"CU-PR-F.TO"
"CU-PR-G.TO"
"CU-PR-H.TO"
"CU-PR-I.TO"
"CWB-PR-B.TO"
"CWB-PR-C.TO"
"CWB-PR-D.TO"
"EIT-PR-A.TO"
"EIT-PR-B.TO"
"WEED-DB.TO"
"WEED-WT-A.TO"
"CPX-PR-A.TO"
"CPX-PR-C.TO"
"CPX-PR-E.TO"
"CPX-PR-G.TO"
"CPX-PR-I.TO"
"CPX-PR-K.TO"
"CSE-PR-A.TO"
"CRDL-WT-A.TO"
"CJT-DB-D.TO"
"CJT-DB-E.TO"
"CJT-DB-F.TO"
"CVE-PR-A.TO"
"CVE-PR-B.TO"
"CVE-PR-C.TO"
"CVE-PR-E.TO"
"CVE-PR-G.TO"
"CWEB-WR.TO"
"CWEB-WS.TO"
"CWEB-WT.TO"
"CHE-DB-C.TO"
"CHE-DB-D.TO"
"CHE-DB-E.TO"
"CHE-DB-F.TO"
"CHR-DB-A.TO"
"CHR-DB-B.TO"
"CHR-WT.TO"
"CRED-U.TO"
"CCOR.TO"
"CCOR-B.TO"
"CCOR-U.TO"
"CINC.TO"
"CINC-B.TO"
"CINC-U.TO"
"CDLB.TO"
"CDLB-U.TO"
"FSB-U.TO"
"VALT-U.TO"
"CMAR-U.TO"
"CMEY-U.TO"
"CMGG-U.TO"
"JAPN.TO"
"JAPN-B.TO"
"CAFR.TO"
"CCBI.TO"
"CMUE-F.TO"
"CGX-DB-B.TO"
"CKI-DB.TO"
"CCS-PR-C.TO"
"YCM-PR-A.TO"
"YCM-PR-B.TO"
"CSU-DB.TO"
"CRWN-DB.TO"
"CIU-PR-A.TO"
"CIU-PR-C.TO"
"DBO-WT.TO"
"DN-DB.TO"
"DN-WT-A.TO"
"DRFD.TO"
"DRMU.TO"
"DRFU.TO"
"DIV-DB.TO"
"DFN-PR-A.TO"
"DF-PR-A.TO"
"DGS-PR-A.TO"
"DBM-NT.TO"
"DC-PR-B.TO"
"DC-PR-D.TO"
"DYA-WT.TO"
"ENS-PR-A.TO"
"ELF-PR-F.TO"
"ELF-PR-G.TO"
"ELF-PR-H.TO"
"ECN-DB.TO"
"ECN-PR-A.TO"
"ECN-PR-C.TO"
"EFN-DB-B.TO"
"EFN-PR-A.TO"
"EFN-PR-C.TO"
"EFN-PR-E.TO"
"EFN-PR-I.TO"
"EMA-PR-A.TO"
"EMA-PR-B.TO"
"EMA-PR-C.TO"
"EMA-PR-E.TO"
"EMA-PR-F.TO"
"EMA-PR-H.TO"
"EMA-PR-J.TO"
"ENB-PF-A.TO"
"ENB-PF-C.TO"
"ENB-PF-E.TO"
"ENB-PF-G.TO"
"ENB-PF-I.TO"
"ENB-PF-K.TO"
"ENB-PF-U.TO"
"ENB-PF-V.TO"
"ENB-PR-A.TO"
"ENB-PR-B.TO"
"ENB-PR-C.TO"
"ENB-PR-D.TO"
"ENB-PR-F.TO"
"ENB-PR-H.TO"
"ENB-PR-J.TO"
"ENB-PR-N.TO"
"ENB-PR-P.TO"
"ENB-PR-T.TO"
"ENB-PR-U.TO"
"ENB-PR-V.TO"
"ENB-PR-Y.TO"
"EFR-WT.TO"
"EQX-WT.TO"
"EQB-PR-C.TO"
"TECH-U.TO"
"LEAD-U.TO"
"LIFE-U.TO"
"EDGE-U.TO"
"FIVE-B.TO"
"FIVE-U.TO"
"CALL-B.TO"
"CALL-U.TO"
"EXN-WT.TO"
"EIF-DB-H.TO"
"EIF-DB-I.TO"
"EIF-DB-J.TO"
"EIF-DB-K.TO"
"EXE-DB-C.TO"
"FFH-PR-C.TO"
"FFH-PR-D.TO"
"FFH-PR-E.TO"
"FFH-PR-F.TO"
"FFH-PR-G.TO"
"FFH-PR-H.TO"
"FFH-PR-I.TO"
"FFH-PR-J.TO"
"FFH-PR-K.TO"
"FFH-PR-M.TO"
"FFH-U.TO"
"FXC-WT.TO"
"FCLH.TO"
"FCMH.TO"
"FCVH.TO"
"FSZ-DB.TO"
"FSZ-DB-A.TO"
"FTN-PR-A.TO"
"FC-DB-E.TO"
"FC-DB-F.TO"
"FC-DB-G.TO"
"FC-DB-H.TO"
"FC-DB-I.TO"
"FC-DB-J.TO"
"FN-PR-A.TO"
"FN-PR-B.TO"
"FHH-F.TO"
"FHG-F.TO"
"FHQ-F.TO"
"AUGB-F.TO"
"NOVB-F.TO"
"FDN-F.TO"
"FTS-PR-F.TO"
"FTS-PR-G.TO"
"FTS-PR-H.TO"
"FTS-PR-I.TO"
"FTS-PR-J.TO"
"FTS-PR-K.TO"
"FTS-PR-M.TO"
"FVI-DB-U.TO"
"FLCP.TO"
"WN-PR-A.TO"
"WN-PR-C.TO"
"WN-PR-D.TO"
"WN-PR-E.TO"
"GDV-PR-A.TO"
"FOOD-DB.TO"
"GCM-NT-U.TO"
"GCM-WT-B.TO"
"GC-DB.TO"
"GWO-PR-F.TO"
"GWO-PR-G.TO"
"GWO-PR-H.TO"
"GWO-PR-I.TO"
"GWO-PR-L.TO"
"GWO-PR-M.TO"
"GWO-PR-N.TO"
"GWO-PR-P.TO"
"GWO-PR-Q.TO"
"GWO-PR-R.TO"
"GWO-PR-S.TO"
"GWO-PR-T.TO"
"TGOD-WA.TO"
"TGOD-WB.TO"
"TGOD-WR.TO"
"TGOD-WS.TO"
"GCSC.TO"
"GGEM.TO"
"GIQU.TO"
"GIQU-B.TO"
"HFT.TO"
"HUM-U.TO"
"HBF-B.TO"
"HBF-U.TO"
"HPF-U.TO"
"ORBT-U.TO"
"HTA-B.TO"
"HTA-U.TO"
"HUBL-U.TO"
"HUL-U.TO"
"CBD-WT-U.TO"
"CBD-WT-V.TO"
"HEXO-WT.TO"
"CHPS-U.TO"
"HGGB.TO"
"HXT-U.TO"
"HARB-U.TO"
"HSUV-U.TO"
"HUT-WT.TO"
"HUT-WT-A.TO"
"IEMB.TO"
"IFRF.TO"
"IGLB.TO"
"IBG-DB-E.TO"
"IAF-PR-B.TO"
"IAF-PR-G.TO"
"IAF-PR-I.TO"
"INE-DB-B.TO"
"AGLB.NE"
"BHAV.NE"
"BKL-C.TO"
"BKL-F.TO"
"BKL-U.TO"
"INE-DB-C.TO"
"INE-PR-A.TO"
"INE-PR-C.TO"
"IFC-PR-A.TO"
"IFC-PR-C.TO"
"IFC-PR-D.TO"
"IFC-PR-E.TO"
"IFC-PR-F.TO"
"IFC-PR-G.TO"
"BFIN-U.TO"
"CBND.TO"
"CCNS.TO"
"IFC-PR-I.TO"
"PZW-F.TO"
"PZW-U.TO"
"PXG-U.TO"
"PXS-U.TO"
"PSY-U.TO"
"USB-U.TO"
"QQEQ.TO"
"QQEQ-F.TO"
"QQJR-F.TO"
"ULV-U.TO"
"ILV-F.TO"
"DWG-U.NE"
"EAAI-U.NE"
"EAFT-U.NE"
"EAGB-U.NE"
"EARK-U.NE"
"EAUT-U.NE"
"EAUT.NE"
"EAXP-U.NE"
"EQE-F.NE"
"EQE.NE"
"FAO-U.TO"
"FGO-U.TO"
"FIG-U.TO"
"FJFB.NE"
"FJFG.NE"
"FLOT-B.TO"
"IVQ-DB-U.TO"
"GCNS.TO"
"GHD-F.NE"
"GHD.NE"
"GLDE-U.NE"
"GLDE.NE"
"MBAL.TO"
"MCON.TO"
"MDVD.TO"
"MGAB.TO"
"MHYB.NE"
"MJJ.NE"
"MOM-F.NE"
"MOM.NE"
"MUSC.TO"
"MWMN.NE"
"NBND.NE"
"NDIV.TO"
"NGPE.TO"
"NHYB.TO"
"NINT.TO"
"NSAV.NE"
"PFMS.TO"
"PGB.NE"
"PIB.NE"
"PLDI.TO"
"PSU-U.TO"
"PYF-B.TO"
"PYF-U.TO"
"IVQ-DB-V.TO"
"QCH.NE"
"QDXB.TO"
"QDXH.TO"
"QEBH.TO"
"QINF.TO"
"QRET.TO"
"QUB.TO"
"QUU-U.TO"
"XEC-U.TO"
"RDE.NE"
"XUU-U.TO"
"REM.NE"
"RID-U.TO"
"RIGU.TO"
"XCLR.TO"
"XDLR.TO"
"XULR.TO"
"RPD-U.TO"
"RPS.NE"
"RPU-B.NE"
"RPU.NE"
"RQN.TO"
"RQO.TO"
"RQP.TO"
"RUBY-U.TO"
"XMU-U.TO"
"RUD-U.TO"
"RUE-U.TO"
"XFS-U.TO"
"RUSB-U.TO"
"XMC-U.TO"
"RXD-U.TO"
"RXE-U.TO"
"SBCM.NE"
"SBCV.NE"
"SBQM.NE"
"SCAD.TO"
"SFIX.TO"
"SINT.TO"
"SLVE.NE"
"SUSA.TO"
"KRR-WT.TO"
"SYLD.TO"
"TLF-U.TO"
"TMEI.TO"
"TPAY.TO"
"TUHY.TO"
"TUSB-U.TO"
"UDIV-B.TO"
"UHD-F.NE"
"UHD-U.NE"
"UHD.NE"
"XUS-U.TO"
"ZMID-U.TO"
"ZSML-U.TO"
"ZTL-F.NE"
"ZTL-U.NE"
"ZTM-U.NE"
"LB-PR-H.TO"
"LBS-PR-A.TO"
"L-PR-B.TO"
"LXR-WT.TO"
"XMF-PR-B.TO"
"XMF-PR-C.TO"
"MFC-PR-B.TO"
"MFC-PR-C.TO"
"MFC-PR-F.TO"
"MFC-PR-G.TO"
"MFC-PR-H.TO"
"MFC-PR-I.TO"
"MFC-PR-J.TO"
"MFC-PR-K.TO"
"MFC-PR-L.TO"
"MFC-PR-M.TO"
"MFC-PR-N.TO"
"MFC-PR-P.TO"
"MFC-PR-Q.TO"
"MFC-PR-R.TO"
"MDP-DB.TO"
"MDP-WT.TO"
"MR-DB-A.TO"
"MR-DB-B.TO"
"MRG-DB-A.TO"
"MRT-DB.TO"
"MTL-DB.TO"
"NA-PR-A.TO"
"NA-PR-C.TO"
"NA-PR-E.TO"
"NA-PR-G.TO"
"NA-PR-S.TO"
"NA-PR-W.TO"
"NCU-WT-A.TO"
"NAC-WT-U.TO"
"NOA-DB-A.TO"
"NOA-DB-B.TO"
"FFN-PR-A.TO"
"NPI-PR-A.TO"
"NPI-PR-B.TO"
"NPI-PR-C.TO"
"NWH-DB-F.TO"
"NWH-DB-G.TO"
"NVO-WT.TO"
"NVO-WT-A.TO"
"ONC-WT.TO"
"OR-DB.TO"
"OR-WT.TO"
"PVS-PR-F.TO"
"PVS-PR-G.TO"
"PVS-PR-H.TO"
"PVS-PR-I.TO"
"PVS-PR-J.TO"
"PPL-PF-A.TO"
"PPL-PF-C.TO"
"PPL-PF-E.TO"
"PPL-PR-A.TO"
"PPL-PR-C.TO"
"PPL-PR-E.TO"
"PPL-PR-G.TO"
"PPL-PR-I.TO"
"PPL-PR-O.TO"
"PPL-PR-Q.TO"
"PPL-PR-S.TO"
"PLZ-DB-E.TO"
"PIF-DB.TO"
"POW-PR-A.TO"
"POW-PR-B.TO"
"POW-PR-C.TO"
"POW-PR-D.TO"
"POW-PR-E.TO"
"POW-PR-F.TO"
"POW-PR-G.TO"
"PWF-PR-A.TO"
"PWF-PR-E.TO"
"PWF-PR-F.TO"
"PWF-PR-G.TO"
"PWF-PR-H.TO"
"PWF-PR-I.TO"
"PWF-PR-K.TO"
"PWF-PR-L.TO"
"PWF-PR-O.TO"
"PWF-PR-P.TO"
"PWF-PR-Q.TO"
"PWF-PR-R.TO"
"PWF-PR-S.TO"
"PWF-PR-T.TO"
"PWF-PR-Z.TO"
"PBH-DB-F.TO"
"PBH-DB-G.TO"
"PBH-DB-H.TO"
"PIC-PR-A.TO"
"PDV-PR-A.TO"
"RIE-U.TO"
"RS-PR-A.TO"
"RVX-WT-A.TO"
"RCG-PR-B.TO"
"RSI-DB-E.TO"
"RSI-DB-F.TO"
"RY-PR-H.TO"
"RY-PR-J.TO"
"RY-PR-M.TO"
"RY-PR-N.TO"
"RY-PR-O.TO"
"RY-PR-P.TO"
"RY-PR-R.TO"
"RY-PR-S.TO"
"RY-PR-Z.TO"
"MNT-U.TO"
"MNS-U.TO"
"SBN-PR-A.TO"
"MIC-PR-A.TO"
"SFC-WT.TO"
"SJR-PR-A.TO"
"SJR-PR-B.TO"
"SOT-DB.TO"
"SPG-WT.TO"
"SZLS-WS.TO"
"SLF-PR-A.TO"
"SLF-PR-B.TO"
"SLF-PR-C.TO"
"SLF-PR-D.TO"
"SLF-PR-E.TO"
"SLF-PR-G.TO"
"SLF-PR-H.TO"
"SLF-PR-I.TO"
"SLF-PR-J.TO"
"SLF-PR-K.TO"
"SGY-DB.TO"
"SGY-DB-A.TO"
"PWI-PR-A.TO"
"TAIG-WT.TO"
"TRP-PR-A.TO"
"TRP-PR-B.TO"
"TRP-PR-C.TO"
"TRP-PR-D.TO"
"TRP-PR-E.TO"
"TRP-PR-F.TO"
"TRP-PR-G.TO"
"TRP-PR-H.TO"
"TRP-PR-I.TO"
"TRP-PR-K.TO"
"XTD-PR-A.TO"
"TBP-WT-A.TO"
"TBP-WT-B.TO"
"TBP-WT-C.TO"
"TH-DB-U.TO"
"TRI-PR-B.TO"
"TWM-DB.TO"
"TF-DB-B.TO"
"TF-DB-C.TO"
"TMD-WT-I.TO"
"TXT-PR-A.TO"
"TD-PF-A.TO"
"TD-PF-B.TO"
"TD-PF-C.TO"
"TD-PF-D.TO"
"TD-PF-E.TO"
"TD-PF-H.TO"
"TD-PF-I.TO"
"TD-PF-J.TO"
"TD-PF-K.TO"
"TD-PF-L.TO"
"TD-PF-M.TO"
"TA-PR-D.TO"
"TA-PR-E.TO"
"TA-PR-F.TO"
"TA-PR-H.TO"
"TA-PR-J.TO"
"TCN-DB-U.TO"
"TRL-WT.TO"
"UNC-PR-A.TO"
"UNC-PR-B.TO"
"UNC-PR-C.TO"
"FTU-PR-B.TO"
"VB-PR-A.TO"
"VWE-WT-U.TO"
"VMH-WT-U.TO"
"WJX-DB.TO"
"W-PR-M.TO"
"WILD-DB.TO"
"WFS-PR-A.TO"
"Y-WT.TO"
"AGSG.NE"
"CJP.NE"
"CLU.NE"
"CRQ.NE"
"EAAI.NE"
"EAFT.NE"
"EAGB.NE"
"EARK.NE"
"EAXP.NE"
"FBAL.NE"
"FCSW.NE"
"FGRO.NE"
"FIXD.NE"
"FLJA.NE"
"HISA.NE"
"HMUS.NE"
"PGL.NE"
"PSYK.NE"
"QCB.NE"
"QETH-U.TO"
"QTIP.NE"
"RCDB.NE"
"RLDR.NE"
"RTA.NE"
"SBQV.NE"
"SCGI.NE"
"SCGR.NE"
"SITB.NE"
"SITC.NE"
"SITI.NE"
"SITU.NE"
"ZTM.NE"
"ZTS-U.NE"
"ZTS.NE"
"CWO.NE"
"FLAM.NE"
"FLCD.NE"
"FLUR.NE"
"KILO-B.TO"
"ZTL.NE"
"ARB.TO"
"BGU-U.TO"
"CESG.NE"
"CGRA.TO"
"CGRE.TO"
"CORP.TO"
"CYBR-U.TO"
"EDGF.TO"
"EGIF.TO"
"EHE-B.TO"
"EQL-U.TO"
"ESG.TO"
"FBE.TO"
"FBU.TO"
"FCCL.TO"
"FCGI.TO"
"FCHY.TO"
"FCIL.TO"
"FCMI.TO"
"FLB.TO"
"FLOT-U.TO"
"FSL-A.TO"
"FST-A.TO"
"FUD-A.TO"
"GLC.NE"
"HHL-U.TO"
"KILO-U.TO"
"MAYB-F.TO"
"MUSC-B.TO"
"NSGE.TO"
"PBI-B.TO"
"PFH-F.TO"
"PHE-B.TO"
"PUD-B.TO"
"PXU-F.TO"
"QSB.TO"
"RWU-B.TO"
"TCLB.TO"
"TILV.TO"
"TQGD.TO"
"TQSM.TO"
"TULB.TO"
"UMI-B.TO"
"VXM-B.TO"
"XAW-U.TO"
"XDU-U.TO"
"XXM-B.TO"
"ZCS-L.TO"
"ZFS-L.TO"
"ZPAY-U.TO"
"ZUS-V.TO"
" ""HXS.TO"""
"ACDCCSE"
"APHA.TO"
"BAD.TO"
"BITC-U.TO"
"BRND-A-U.NE"
"BTCG-UN.TO"
"CBDTCSE"
"CRH.TO"
"CWRK.V"
"DEFI.NE"
"DEV-H.V"
"DEX-H.V"
"DFLYCSE"
"EMH.V"
"HTR.V"
"JE.TO"
"KNRCSE"
"MVMDCSE"
"NBL-H.V"
"NTAR.NE"
"OROX.V"
"PG.TO"
"PL.TO"
"PLTHCSE"
"PTQ.V"
"RWR.V"
"SRHI.TO"
"TRP-PR-J.TO"
"XLY.V"
